Label:,0,2,4,6,8,10,12,14,16,18,20,22,24,26,28,30,32,34,36,38,40,42,44,46,48,50,52,54,56,58,60,62,64,66,68,70,72,74,76,78,80,82,84,86,88,90,92,94,96,98,100,102,104,106,108,110,112,114,116,118,120,122,124,126,128,130,132,134,136,138,140,142,144,146,148,150,152,154,156,158
1. WT LHY,1,0.706543417,0.399902438,0.119880718,-0.089265254,-0.206825046,-0.256792678,-0.28460772,-0.303691374,-0.298256251,-0.289921826,-0.256715276,-0.164169255,-0.017878591,0.108295704,0.135524893,0.049086614,-0.064775196,-0.136561315,-0.152421583,-0.149542378,-0.177340284,-0.223163958,-0.228071255,-0.14538537,-0.029560325,0.092330797,0.181424468,0.166114797,0.0945067,0.020159192,-0.032912933,-0.059000352,-0.07206305,-0.093203401,-0.1153381,-0.069908413,0.015781016,0.11043434,0.20685325,0.196864185,0.13242416,0.09336529,0.034582973,-0.020646471,-0.059928579,-0.089181466,-0.098380726,-0.099271177,-0.064082797,0.034988758,0.099091627,0.105692489,0.082396126,0.051721833,0.017737003,-0.008982286,-0.024297462,-0.043942686,-0.066790392,-0.067387897,-0.023499587,0.044828886,0.110570802,0.137288465,0.106540878,0.073248571,0.028248537,-0.025169082,-0.035641407,-0.056682728,-0.086007542,-0.092238269,-0.086175465,-0.032501865,0.043066135,0.074570258,0.066811065,0.044547157,0.012755529
2. WT LHY,1,0.554152981,0.089418937,-0.306912042,-0.506176097,-0.571961963,-0.580838633,-0.555582861,-0.500831271,-0.503384647,-0.493143653,-0.359628596,-0.105220296,0.127237101,0.154707088,0.002184674,-0.114248618,-0.21914852,-0.307996678,-0.343297938,-0.31715377,-0.272204435,-0.194755957,-0.036963525,0.213683512,0.454479952,0.500354576,0.369949204,0.266068696,0.127601978,0.017251029,-0.018664096,-0.023936465,0.033463677,0.098550114,0.208703537,0.445933527,0.586718872,0.608494182,0.545863909,0.398293107,0.266269105,0.17487853,0.100176763,0.03174325,0.005379198,0.018092288,0.10344231,0.293531094,0.451025957,0.455091725,0.326828179,0.194319829,0.109830958,0.029858033,-0.041269937,-0.056291328,-0.076715081,-0.085837155,-0.03530418,0.082971344,0.198328202,0.203022417,0.101987445,-0.012158891,-0.13640747,-0.231719839,-0.280299084,-0.311761607,-0.353688655,-0.352404244,-0.252835796,-0.086937778,0.006951847,0.04002835,-0.013755934,-0.184775735,-0.305963846,-0.387477813,-0.459213045
3. WT LHY,1,0.594790702,0.244554585,0.008461326,-0.168407843,-0.234966174,-0.245754567,-0.280542254,-0.311718409,-0.320050976,-0.295332472,-0.195589601,0.006230995,0.165327019,0.155676352,0.045576852,-0.02056693,-0.11736461,-0.175905834,-0.185169155,-0.20601901,-0.214483407,-0.156577766,-0.053337103,0.050040989,0.144924398,0.149248502,0.075059031,-0.006344667,-0.050696277,-0.063099941,-0.089060415,-0.128903641,-0.132742187,-0.092715752,0.016099845,0.137534743,0.187289982,0.190649843,0.129169781,0.048601242,0.005382799,-0.030766624,-0.062662722,-0.073398378,-0.050717014,0.002492658,0.084204409,0.18063611,0.236011055,0.197055538,0.126976191,0.066470635,0.020850314,-0.019996498,-0.059453586,-0.076613872,-0.07341219,-0.043724945,0.053417764,0.138686326,0.151604849,0.107303552,0.058905524,-0.003263844,-0.040172929,-0.044151773,-0.071443625,-0.110429069,-0.105117049,-0.051950795,0.007779733,0.078975385,0.090974047,0.053826672,0.018077351,-0.052192894,-0.084850223,-0.095998954,-0.133201127
4. WT LHY,1,0.568240147,0.172936379,-0.105477748,-0.290131577,-0.375730486,-0.404340748,-0.440831099,-0.453017579,-0.423907877,-0.342915542,-0.204254947,-0.025180803,0.155187799,0.232155934,0.147827937,0.022409321,-0.074182845,-0.144801101,-0.188704991,-0.163460034,-0.165544056,-0.14705626,-0.034183506,0.090613558,0.226354061,0.290278761,0.232647371,0.140821885,0.029163543,-0.060598083,-0.106336998,-0.135995856,-0.119118691,-0.040465609,0.073752163,0.19089666,0.3394009,0.386233044,0.286534349,0.17288217,0.084131964,0.041990783,0.012175488,-0.051569102,-0.07411487,-0.03942531,0.0368435,0.134635247,0.214214519,0.220415313,0.164900151,0.108209825,0.063757647,-0.002896465,-0.079509111,-0.13144595,-0.172910582,-0.15924709,-0.077725241,0.03718723,0.135094489,0.139516646,0.076962618,0.009857569,-0.067833699,-0.131376839,-0.160807765,-0.173726542,-0.205557442,-0.201164249,-0.131113438,-0.010043723,0.108841723,0.121638216,0.063923599,0.01092273,-0.029113201,-0.068118182,-0.129620005
5. WT LHY,1,0.523081552,0.112962293,-0.147417337,-0.36412754,-0.484075854,-0.482905666,-0.488217945,-0.544556805,-0.568112703,-0.489819354,-0.41858203,-0.238107096,0.06527387,0.266169013,0.237495301,0.079016163,-0.057950148,-0.186073403,-0.27012705,-0.275569399,-0.226484101,-0.224144345,-0.215035724,-0.115180307,0.037470917,0.228777713,0.336521683,0.247148579,0.171863459,0.115528637,0.029863052,-0.014470318,-0.039084055,-0.057517659,-0.056521009,-0.031093734,0.089230876,0.297758062,0.451891115,0.465299316,0.394245187,0.321036121,0.198432474,0.12818928,0.140135535,0.133369999,0.148965868,0.19143847,0.255825492,0.387877968,0.494197969,0.508517104,0.455722501,0.369799395,0.263083817,0.146328639,0.048995226,-0.010149329,-0.041879836,-0.064570585,-0.05517969,-0.015815107,0.050733074,0.140496355,0.13820737,0.05056465,-0.032595296,-0.128817602,-0.218919127,-0.290121985,-0.358739945,-0.392080517,-0.39956056,-0.393646172,-0.319852733,-0.214045145,-0.169496362,-0.251568432,-0.369302089
6. WT LHY,1,0.642626853,0.321752068,0.087269024,-0.110512229,-0.250872194,-0.318977621,-0.348168267,-0.379083539,-0.35966499,-0.26083347,-0.099601719,0.071088243,0.173384152,0.120675962,0.023284292,-0.036672478,-0.147893631,-0.199205254,-0.238675234,-0.285001518,-0.261408548,-0.174080545,-0.055578961,0.072367612,0.16648687,0.153508667,0.036366788,-0.081599878,-0.132418673,-0.139175792,-0.138290822,-0.133558166,-0.127512386,-0.07962694,0.074134819,0.2097979,0.253292927,0.221501471,0.151049631,0.038458472,-0.011624362,-0.035656114,-0.090406436,-0.075807441,-0.033321103,0.0294547,0.137316658,0.250700781,0.229799855,0.159120976,0.105205631,0.065965797,0.047555688,-0.015203383,-0.03503274,0.001882515,0.003932826,0.090579037,0.190404251,0.210211619,0.151963695,0.070398437,-0.040890418,-0.11807502,-0.135993052,-0.159279462,-0.186819527,-0.157190703,-0.06302325,0.046580949,0.136776528,0.174967233,0.127223989,0.037257334,-0.007308775,-0.064564738,-0.128830749,-0.176442991,-0.190461131
7. WT LHY,1,0.681304544,0.366215058,0.102223804,-0.091390795,-0.200439561,-0.240754273,-0.284906528,-0.313651133,-0.307999187,-0.293846453,-0.264144461,-0.15352442,0.043183069,0.165987617,0.142978392,0.03632404,-0.030864079,-0.06178757,-0.084203484,-0.117911836,-0.16443414,-0.194278219,-0.203351518,-0.185057077,-0.056305899,0.091475997,0.136744396,0.079213054,-0.004833502,-0.070556066,-0.111484611,-0.118778383,-0.144540812,-0.186878415,-0.164139121,-0.10543824,-0.015130226,0.110471211,0.209160858,0.220629408,0.15822879,0.099243193,0.063431081,0.020361911,-0.036212929,-0.042766234,-0.040447275,-0.042934783,-0.00522063,0.079882658,0.171265621,0.213545415,0.183489226,0.139613469,0.100236751,0.042856695,-0.01076543,-0.050900711,-0.079425906,-0.095256891,-0.076679562,-0.023013188,0.041819804,0.088438666,0.099505122,0.07171593,0.018141839,-0.02824409,-0.061103053,-0.085906942,-0.090281268,-0.076082107,-0.062869224,-0.061452011,-0.021580531,0.036239565,0.065548272,0.063455496,0.018841823
8. WT LHY,1,0.702082016,0.394208677,0.137764704,-0.057040206,-0.216319534,-0.279562586,-0.279401314,-0.277750725,-0.281826012,-0.275651719,-0.245473585,-0.170695591,-0.011908951,0.162977069,0.239634189,0.162534548,0.064335909,-0.010987337,-0.096958293,-0.178622004,-0.228110714,-0.242335705,-0.23437439,-0.17177699,-0.044698059,0.10201698,0.178673959,0.171655766,0.112832757,0.037096707,-0.05523393,-0.128978967,-0.17055267,-0.216193683,-0.238958987,-0.206222411,-0.122704168,-0.042862163,0.050759946,0.125807057,0.088549155,0.015292852,-0.047196349,-0.094158853,-0.109387972,-0.105578151,-0.094378166,-0.076693828,-0.058622288,-0.004020601,0.108174125,0.222735471,0.249314179,0.193009301,0.131387416,0.078813408,0.04831812,0.034476126,0.008978816,-0.014704246,-0.035404319,-0.033305405,0.072000276,0.204709921,0.260106739,0.210729857,0.116778826,0.032709593,-0.03165394,-0.104819461,-0.141382836,-0.146865187,-0.173182442,-0.168744003,-0.108662084,-0.003222815,0.110797177,0.136119362,0.07180264
9. prr79 LHY,1,0.640696547,0.272775158,-0.034696878,-0.238755354,-0.430885582,-0.57318344,-0.628881125,-0.639197216,-0.647170438,-0.597880834,-0.443253622,-0.227663398,0.079644376,0.471476506,0.805915371,0.804788377,0.558109465,0.254242602,-0.021997668,-0.214561225,-0.304387748,-0.332626527,-0.386776215,-0.439125788,-0.438014706,-0.368870661,-0.263789339,-0.085092458,0.206834079,0.552560348,0.714439859,0.657795782,0.484120027,0.241341567,0.027464453,-0.112724302,-0.20514498,-0.269843323,-0.315514524,-0.327034798,-0.281644763,-0.224496329,-0.14004226,0.035522715,0.32152391,0.589068367,0.699927084,0.615030284,0.43990444,0.240200808,0.051637991,-0.084486655,-0.149886294,-0.188498925,-0.250130854,-0.300532118,-0.279435489,-0.201431297,-0.11855151,0.068072351,0.345507645,0.57249898,0.585945622,0.444137001,0.246250863,0.056192584,-0.101576711,-0.252084567,-0.366210208,-0.38298893,-0.410534212,-0.43919183,-0.419674546,-0.379626028,-0.255664692,-0.037211934,0.190314697,0.300449689,0.236582753
10. prr79 LHY,0.885263697,0.497523272,0.098772006,-0.226366559,-0.417644886,-0.60929372,-0.751589787,-0.792118613,-0.826524732,-0.833780793,-0.796716939,-0.720472581,-0.553782104,-0.217317822,0.26476195,0.672916125,0.750626525,0.538279746,0.295574436,0.039212597,-0.15423293,-0.23361964,-0.292955831,-0.342407884,-0.367004102,-0.367339283,-0.354318648,-0.300680625,-0.149972969,0.143269126,0.522068762,0.825462638,0.880680937,0.737678793,0.536233379,0.370184737,0.195597344,0.048163335,-0.026175273,-0.037418687,-0.057514449,-0.064123801,-0.013123285,0.026689053,0.115410406,0.332332344,0.656549974,0.916428319,1,0.897025734,0.657777982,0.402180615,0.214553743,0.08729421,0.01558905,-0.046929876,-0.131993765,-0.150212926,-0.130167208,-0.124235475,-0.099258147,0.030309631,0.259006905,0.468637099,0.515904271,0.398129508,0.20483305,0.024497087,-0.141422234,-0.283445567,-0.377694011,-0.464942027,-0.550857072,-0.614394113,-0.643497687,-0.652056036,-0.617527884,-0.493613241,-0.317479018,-0.179196155
11. prr79 LHY,0.709479663,0.245997513,-0.190750978,-0.510425035,-0.672292663,-0.737597109,-0.823064993,-0.920501558,-0.96035362,-0.910938064,-0.819532951,-0.633965705,-0.297578294,0.153240422,0.599548767,0.740781688,0.518063056,0.25824855,0.039725881,-0.117506847,-0.200476285,-0.233193155,-0.309369869,-0.342822496,-0.273046485,-0.224368068,-0.156761873,0.066221808,0.453149665,0.788357119,0.991113779,0.979056997,0.7440304,0.461613511,0.310018352,0.209765173,0.071268914,0.058040692,0.027790319,-0.007410787,0.053434051,0.125054863,0.261974584,0.527710169,0.849983488,1,0.97427686,0.83053728,0.62519725,0.439496828,0.262709004,0.098330695,-0.02104927,-0.098136225,-0.13336802,-0.150193712,-0.156252902,-0.072060086,0.108180535,0.315512763,0.44875773,0.435865392,0.287072766,0.077033716,-0.104609894,-0.224785573,-0.325240694,-0.433436575,-0.52640661,-0.583816351,-0.59748339,-0.579674166,-0.545312154,-0.465026595,-0.320801989,-0.163117628,-0.103359677,-0.201885648,-0.401497054,-0.597169193
12. prr79 LHY,1,0.75750296,0.500398902,0.255810073,0.050155163,-0.113521895,-0.219679011,-0.287821772,-0.363604633,-0.423545072,-0.439347354,-0.40793917,-0.360037112,-0.295994332,-0.174830598,0.048861906,0.276020754,0.390894905,0.340928233,0.185111515,0.012089339,-0.111663915,-0.180074684,-0.242108648,-0.307821491,-0.333458194,-0.338925302,-0.317307053,-0.256754363,-0.205920093,-0.123270367,0.038200495,0.239635974,0.371576319,0.377861853,0.288397225,0.165493597,0.050838041,-0.044213173,-0.128804148,-0.179603703,-0.189789887,-0.190141902,-0.195600736,-0.193703443,-0.154381124,-0.05519876,0.093912703,0.250461132,0.351043497,0.356479298,0.276703554,0.166612797,0.08140693,0.011592542,-0.063427488,-0.097680414,-0.115905039,-0.135476631,-0.125150243,-0.114484642,-0.10446587,-0.053205047,0.072064397,0.2275177,0.331246143,0.32887739,0.258336272,0.170653474,0.086272469,0.006833747,-0.053120272,-0.082758082,-0.107323958,-0.125950262,-0.130119791,-0.122519513,-0.100334458,-0.059897711,0.007090057
13. prr79 LHY,1,0.691368879,0.359705099,0.033063704,-0.219607355,-0.373246891,-0.46094065,-0.535381377,-0.593445237,-0.622160541,-0.614770768,-0.562921808,-0.4081815,-0.149187819,0.163505279,0.494311248,0.636773489,0.492882574,0.251500367,0.042611517,-0.097563136,-0.195813691,-0.281222667,-0.352523166,-0.386923734,-0.36876882,-0.34858927,-0.320377027,-0.219651365,-0.007504042,0.288287996,0.560342636,0.664807042,0.602171902,0.43569577,0.237916251,0.060151289,-0.051867227,-0.109749132,-0.17535097,-0.194430056,-0.169411654,-0.139479315,-0.064215427,0.03607733,0.177909308,0.420858703,0.601773898,0.640445835,0.561465378,0.374425699,0.167034239,0.0110362,-0.09612132,-0.165622158,-0.192115436,-0.188342113,-0.22250315,-0.245961377,-0.204735584,-0.10787562,0.052661555,0.239170692,0.37418019,0.391521925,0.30943154,0.175914713,0.032143574,-0.075643037,-0.168156078,-0.268778965,-0.312297398,-0.342672546,-0.371909419,-0.341571649,-0.316733541,-0.256542936,-0.084369914,0.132768863,0.271322204
14. prr79 LHY,1,0.754251043,0.48151053,0.168095122,-0.116274583,-0.298114182,-0.371286493,-0.44930858,-0.537565425,-0.566979917,-0.544084232,-0.511101322,-0.454618517,-0.278708306,0.015505657,0.344361752,0.574908945,0.587137903,0.426049628,0.210940231,-0.003288605,-0.181922814,-0.300565103,-0.353553958,-0.382957024,-0.387735541,-0.352790893,-0.335809664,-0.314489004,-0.21833156,9.84744E-05,0.281322489,0.515857959,0.598657384,0.498775109,0.324501966,0.189600171,0.047054536,-0.063717893,-0.112908176,-0.147639783,-0.196674777,-0.235994767,-0.229093444,-0.211805669,-0.142249968,0.029924867,0.269059755,0.505093093,0.623983208,0.532043753,0.352068741,0.172003226,0.017432193,-0.084800063,-0.153636771,-0.209853173,-0.245521087,-0.266890952,-0.268965246,-0.235596478,-0.162233317,-0.00964406,0.22307653,0.42148881,0.499436671,0.434546986,0.272331808,0.097151121,-0.036681509,-0.120555008,-0.178988491,-0.229746306,-0.264839345,-0.256251564,-0.234624249,-0.201805147,-0.123174222,-0.014018974,0.1291265
15. prr79 LHY,1,0.509891255,0.086537492,-0.258063272,-0.525756923,-0.631013902,-0.670839287,-0.724440676,-0.765487657,-0.725661443,-0.649588647,-0.504786005,-0.135732823,0.460799596,0.840995644,0.900700551,0.697687308,0.358848005,0.059177741,-0.177527624,-0.320567522,-0.357028153,-0.353974937,-0.414929136,-0.45018228,-0.398084038,-0.241080303,0.121153317,0.528326821,0.800788351,0.827825708,0.606144445,0.37551302,0.155996104,-0.026678583,-0.080913027,-0.169984681,-0.227670998,-0.229024899,-0.206036313,-0.073505231,0.132429016,0.429971199,0.780463419,0.979250937,0.87274502,0.604814883,0.315133791,0.036890113,-0.105526085,-0.177541858,-0.261685907,-0.354815597,-0.39878004,-0.38141832,-0.289374229,-0.098859491,0.189207921,0.479843762,0.559237015,0.39637305,0.163488488,-0.0436657,-0.22609007,-0.385663812,-0.49166317,-0.516321184,-0.509110965,-0.490338678,-0.439355075,-0.321213497,-0.109623198,0.192685493,0.433189345,0.446977143,0.302145944,0.071023633,-0.140387268,-0.274546766,-0.381716262
16. prr79 LHY,0.984367018,0.457372381,-0.0831345,-0.500541263,-0.708943651,-0.783930994,-0.852839422,-0.858307194,-0.855671113,-0.880994123,-0.792567972,-0.498521697,-0.05535317,0.452122393,0.79850146,0.662233389,0.389331374,0.094848242,-0.181369433,-0.324697777,-0.378876943,-0.392151835,-0.412964247,-0.411886951,-0.306784204,-0.15443815,0.141654855,0.566528429,0.914350179,0.977214483,0.763156372,0.452204024,0.209064893,0.07975396,0.023886507,-0.0390621,-0.071432409,-0.041442896,-0.01113906,0.039285502,0.166436352,0.446121213,0.814773326,1,0.910166328,0.709242049,0.488577555,0.254394598,0.16894863,0.068888668,-0.036673563,-0.09119456,-0.156539109,-0.134587968,-0.051238542,0.076980408,0.276457654,0.501459857,0.563944051,0.423447027,0.21022517,0.054084605,-0.080803632,-0.196810396,-0.272377238,-0.335211709,-0.418421744,-0.407948605,-0.368386255,-0.320614328,-0.191222582,0.020484871,0.126707351,0.061866398,-0.102426879,-0.27596895,-0.438625045,-0.548623151,-0.628644958,-0.695711254
17. WT PRR9,1,0.814384357,0.617086293,0.414860618,0.239335641,0.111650166,0.018424363,-0.090094375,-0.212319327,-0.311908085,-0.361894523,-0.382105472,-0.379835252,-0.345824322,-0.294551372,-0.250466931,-0.214657152,-0.160171854,-0.101147286,-0.073297978,-0.087788881,-0.096728387,-0.134906848,-0.204578465,-0.237811562,-0.235157502,-0.213855097,-0.189050796,-0.167799999,-0.132921619,-0.072509569,-0.006456647,0.003809102,-0.007247342,-0.003073195,-0.029029373,-0.05385225,-0.051622105,-0.028003239,0.006765503,0.049834101,0.099572826,0.148780754,0.184723583,0.210029035,0.219589447,0.174180442,0.118648229,0.101089601,0.111502683,0.092217547,0.057253395,0.041552895,0.024790891,0.048097852,0.108085439,0.141043547,0.126666341,0.083833248,0.046354227,0.032837211,0.01115406,-0.021822325,-0.042777179,-0.061537821,-0.06047869,-0.034395236,-0.009992658,0.021867334,0.057918224,0.071651053,0.035944445,6.00449E-05,-0.014239126,-0.042036955,-0.061087172,-0.066299393,-0.061153698,-0.032703895,-0.006403543
18. WT PRR9,1,0.777701482,0.55238155,0.384653274,0.245944711,0.079133435,-0.058295226,-0.133553115,-0.190680773,-0.294486291,-0.339613871,-0.32812033,-0.312171101,-0.266156933,-0.247147452,-0.248309338,-0.198691098,-0.133078268,-0.055745107,0.01706119,0.020635571,-0.027547657,-0.074518623,-0.094931647,-0.137487617,-0.147221066,-0.10440286,-0.086152237,-0.063873939,-0.02865897,-0.00113262,0.016169112,0.03902696,0.048613428,0.006967852,-0.034706683,-0.066039776,-0.100178404,-0.121617769,-0.105566413,-0.076804915,-0.079314589,-0.072838266,-0.03502592,0.01365377,0.028384525,0.020183174,-0.002784546,-0.03685973,-0.053097286,-0.041776131,-0.022005142,-0.019975967,-0.004310639,0.026217032,0.056898021,0.096683436,0.114044081,0.088930948,0.039625908,0.005524519,-0.002031165,0.00426801,0.010262655,0.032544881,0.052060038,0.044239779,0.070883105,0.11284718,0.133071922,0.135703108,0.113854643,0.074237254,0.031673673,-0.007944278,-0.01563231,-0.003025886,-0.016043176,-0.010705744,0.006180649
19. WT PRR9,1,0.649430723,0.312438292,0.054935163,-0.102042081,-0.237372495,-0.385668295,-0.495240393,-0.568140532,-0.583054196,-0.559824956,-0.562155165,-0.582153128,-0.550326854,-0.442798055,-0.306586125,-0.173659516,-0.082731801,-0.022026054,0.030280487,-0.017625326,-0.125896192,-0.22612922,-0.284855918,-0.266151992,-0.239957443,-0.198994598,-0.059123282,0.130262137,0.277595744,0.34011763,0.328234176,0.245527514,0.120618773,0.038933191,0.066838144,0.127279369,0.172276268,0.187796369,0.216533965,0.359833834,0.488706375,0.534719436,0.543945373,0.505427465,0.421635142,0.343366809,0.319217019,0.320063217,0.338733365,0.340719749,0.316950501,0.357847219,0.418695691,0.44106635,0.405321971,0.313742253,0.219704914,0.159966164,0.117309075,0.04379339,-0.005468396,-0.013353343,-0.008441472,0.008420536,0.046407503,0.048862754,-0.034882938,-0.143315228,-0.206846737,-0.264607629,-0.369222396,-0.452718358,-0.4638744,-0.449694957,-0.46482864,-0.466076014,-0.435705161,-0.414806217,-0.447198544
20. WT PRR9,1,0.730732362,0.471853233,0.272571456,0.149442724,0.043218951,-0.074393279,-0.169994294,-0.230288916,-0.264821706,-0.300684551,-0.33936788,-0.313997983,-0.245467172,-0.201943433,-0.194592102,-0.116955814,-0.005296404,0.044452389,-0.0065693,-0.086191745,-0.16097425,-0.195891626,-0.186018929,-0.190156233,-0.158288815,-0.120002377,-0.11227949,-0.051470384,0.040909673,0.120063066,0.135850887,0.05847395,0.022995594,0.026170391,0.009049713,-0.000479158,-0.027556672,-0.033951972,-0.000955046,0.022197735,0.08030134,0.114550078,0.07059588,0.004717711,-0.016444919,-0.007717203,-0.024789055,-0.074664749,-0.054540519,-0.035724087,-0.034797449,0.042106174,0.105121247,0.096230019,0.062140371,0.065051677,0.017524067,-0.04129857,-0.077451256,-0.110881284,-0.120749077,-0.096312673,-0.043805889,0.017152421,0.062917446,0.093251615,0.108219493,0.098432124,0.059453848,0.029936095,0.015175596,-0.002968194,-0.012980261,-0.010682293,-0.007040089,0.009619508,0.078378384,0.109846184,0.072733692
21. WT PRR9,1,0.787855044,0.576084184,0.386418446,0.222069629,0.072944476,-0.069645488,-0.192440523,-0.25801382,-0.28094186,-0.280221939,-0.278017676,-0.301734683,-0.299410794,-0.275369037,-0.24582021,-0.174716818,-0.088081949,-0.059615946,-0.103866591,-0.151038456,-0.209559824,-0.240735998,-0.238853252,-0.245676171,-0.19758137,-0.119759897,-0.033270242,0.069079584,0.11064418,0.097822274,0.065842509,0.022724369,-0.045588661,-0.094572327,-0.098421882,-0.076477846,-0.057005108,-0.037310233,0.001340453,0.069895863,0.146713992,0.166349542,0.139503113,0.103843769,0.05191479,0.023408331,0.000882671,-0.023271691,-0.007125895,-0.003691403,0.015350865,0.072728283,0.121704824,0.155674786,0.15254139,0.111946777,0.060122715,-0.005519445,-0.051548017,-0.060855468,-0.058358518,-0.070576285,-0.04506932,0.03428958,0.101688476,0.080307018,0.047748695,0.024827303,-0.017330747,-0.036267246,-0.029091384,-0.017852615,-0.027760185,-0.05803969,-0.037744205,0.032933446,0.084931911,0.064932889,0.026784537
22. WT PRR9,1,0.691534172,0.443516429,0.300410577,0.166103412,-0.00444736,-0.195427957,-0.344919962,-0.38460837,-0.360330434,-0.364859847,-0.418856168,-0.412183671,-0.404429093,-0.389223419,-0.30076724,-0.200380445,-0.106094958,-0.064109086,-0.102743391,-0.114442372,-0.146818743,-0.200249271,-0.203679212,-0.208962203,-0.201451994,-0.15656368,-0.08427789,-0.002294894,0.07940368,0.123631041,0.095887079,0.067134689,0.037215515,0.010549914,0.020260415,0.006283297,0.019192362,0.082127943,0.122302272,0.175184857,0.26305515,0.337743074,0.321413473,0.271304103,0.235891178,0.218553099,0.202215258,0.200586995,0.205273974,0.206564908,0.216685,0.216701256,0.207215453,0.204134584,0.204894005,0.166438615,0.117812811,0.089044469,0.024329273,-0.014739124,-0.025941537,-0.052909778,-0.072945825,-0.054577602,-0.012411079,0.009232989,-0.007127413,-0.039785282,-0.073281123,-0.110805695,-0.153453783,-0.174032946,-0.180779498,-0.196137329,-0.181368765,-0.164642255,-0.158584463,-0.148361434,-0.165820732
23. WT PRR9,1,0.726837632,0.464823693,0.282101745,0.140745186,-0.035832928,-0.229583515,-0.321820887,-0.355699873,-0.374224923,-0.366575456,-0.325107611,-0.325082478,-0.291817581,-0.243412643,-0.228442697,-0.115568639,0.020838005,0.072460983,0.045994421,0.032487463,-0.031544337,-0.084937007,-0.098047992,-0.117290984,-0.068284481,-0.045903711,-0.034753368,0.040935939,0.078632972,0.096908282,0.05140464,-0.040088955,-0.039321626,-0.066847872,-0.106792839,-0.106047725,-0.08712856,-0.064943699,0.002592319,0.101056362,0.158898577,0.148125322,0.128960633,0.092724012,0.046033428,0.053002893,0.003339626,-0.025884344,-0.004654424,-0.008422268,0.061176705,0.115235807,0.133195845,0.155770722,0.11966115,0.094240213,0.060114953,-0.020062471,-0.080351831,-0.064794638,-0.037636958,-0.025728407,0.020918477,0.072609821,0.104472745,0.101014484,0.056190725,-0.013973117,-0.060918186,-0.073798464,-0.067873437,-0.054269785,-0.048509021,-0.03200067,-0.010613306,-0.004600807,0.024185722,-0.005420022,-0.063076957
24. WT PRR9,1,0.766588844,0.531466533,0.368428904,0.231130624,0.048516779,-0.064841622,-0.130316758,-0.191084074,-0.244549333,-0.307888222,-0.382737011,-0.425543796,-0.375969498,-0.311564551,-0.286394997,-0.275280721,-0.205427956,-0.107912097,-0.064143,-0.113764564,-0.166857914,-0.194025104,-0.204846337,-0.205136367,-0.198801457,-0.161796626,-0.1003975,-0.080664349,-0.033026412,0.051865472,0.101800548,0.087892482,0.028380927,-0.023892453,-0.028467922,-0.042625799,-0.051600538,-0.017804447,0.034300175,0.04926687,0.065907938,0.136767405,0.178247757,0.182453325,0.174153878,0.164508609,0.144439554,0.121841072,0.109509643,0.107695566,0.103611909,0.101976459,0.112814574,0.128204244,0.141397769,0.13325542,0.094894408,0.070588258,0.053122162,0.031150079,0.013691484,-0.02596949,-0.046954536,-0.02704835,-0.035818357,-0.024693638,0.015269909,0.041178092,0.049792815,0.030135316,-0.007365353,-0.033260677,-0.056693014,-0.080419758,-0.094786279,-0.092033219,-0.096718871,-0.102848221,-0.084274617
25. prr79 PRR5,-0.280457406,0.140274086,0.40021619,0.535167684,0.616153759,0.579368622,0.440419988,0.182799612,-0.189520604,-0.511269363,-0.778599021,-0.971303412,-1,-0.991049249,-0.840347245,-0.455155328,-0.077597775,0.293097428,0.58188754,0.653674125,0.661854775,0.583658922,0.378727125,0.135740036,-0.121074141,-0.362558645,-0.543937421,-0.640037943,-0.703467929,-0.695421942,-0.500624848,-0.18270808,0.128538673,0.355066991,0.523313598,0.63692217,0.674338131,0.608066919,0.435336181,0.212019424,0.001464419,-0.162502353,-0.277235566,-0.358648772,-0.390247864,-0.3058195,-0.145291783,0.078263209,0.358941762,0.569150729,0.67082646,0.669750263,0.578957447,0.482260139,0.356876468,0.168926193,0.013530368,-0.130322515,-0.286127387,-0.411946259,-0.423962617,-0.314702073,-0.141495259,0.031400162,0.224838445,0.394636813,0.464972306,0.448417523,0.390404238,0.302671423,0.159304467,-0.028144143,-0.209883244,-0.342774801,-0.429569464,-0.494596081,-0.518908586,-0.459327097,-0.319824301,-0.125774796
26. prr79 PRR5,-0.301687419,0.054786308,0.383107209,0.584269441,0.583384354,0.506827708,0.355547278,0.098493422,-0.173838762,-0.430405646,-0.642943479,-0.78226901,-0.918251696,-1,-0.910000395,-0.633988673,-0.241759048,0.156176468,0.451791103,0.600474385,0.656811719,0.679156903,0.562133968,0.364726347,0.169123466,-0.070156961,-0.324294623,-0.527784842,-0.629165483,-0.642267394,-0.559356039,-0.36793888,-0.095202188,0.211290874,0.485773198,0.661310738,0.725048782,0.688118067,0.584448223,0.46981557,0.296055127,0.049878603,-0.16844498,-0.338854562,-0.450513449,-0.489599326,-0.477279437,-0.377580601,-0.159534534,0.125503254,0.388230425,0.558174684,0.610327332,0.564638482,0.471457433,0.367262583,0.229067815,0.039854108,-0.162869942,-0.308619639,-0.449281263,-0.549567875,-0.515847272,-0.367933199,-0.160137381,0.073017795,0.323539356,0.493690303,0.560129027,0.574493371,0.503925994,0.365765751,0.194112166,-0.017005474,-0.221210003,-0.382845118,-0.499154915,-0.545326805,-0.515645093,-0.413177735
27. prr79 PRR5,-0.351292721,0.001787487,0.230052882,0.331739385,0.356282172,0.272599629,0.014243952,-0.238055817,-0.489611983,-0.732154311,-0.90471306,-1,-0.921082062,-0.690883641,-0.343234865,0.076495662,0.400919051,0.586923779,0.654996742,0.626484921,0.49270016,0.242011404,0.013344388,-0.17193419,-0.34223375,-0.439624451,-0.444628633,-0.360663403,-0.132343718,0.206048133,0.444408193,0.575354958,0.664954305,0.698071271,0.617042263,0.459401052,0.282306178,0.10386176,-0.063998929,-0.193513153,-0.264009375,-0.249930549,-0.12203484,0.117661178,0.390348663,0.551302918,0.616815733,0.618977586,0.548467541,0.397345365,0.177161069,-0.04367548,-0.227154864,-0.374190805,-0.464525796,-0.473896649,-0.383185095,-0.208294558,0.003544159,0.204239763,0.321731682,0.362414353,0.35926258,0.288419899,0.103130088,-0.066941623,-0.217175339,-0.370344498,-0.439923057,-0.48686177,-0.488298236,-0.39824241,-0.222286816,-0.029651138,0.073589851,0.120219531,0.123010719,0.03202734,-0.12579673,-0.285311426
28. prr79 PRR5,-0.447855432,-0.051396008,0.30865415,0.532280025,0.579921786,0.536891521,0.441409015,0.199820163,-0.121994931,-0.417060083,-0.641938993,-0.853182411,-0.98670446,-1,-0.899535021,-0.63089346,-0.289873193,0.029058619,0.324091848,0.483108385,0.535578819,0.551625996,0.457453206,0.267357982,0.051205883,-0.124552693,-0.25377543,-0.386108856,-0.493575602,-0.464769401,-0.357899322,-0.163959471,0.113256909,0.341437816,0.506917351,0.59677193,0.596566933,0.570921725,0.496465616,0.346468048,0.15011504,-0.048608567,-0.190031377,-0.261652087,-0.317795282,-0.300662161,-0.172130521,0.041557069,0.275776894,0.458497656,0.561766736,0.598439188,0.552687856,0.444216458,0.317495957,0.200558289,0.053065292,-0.091975328,-0.176927055,-0.240417813,-0.289268558,-0.287311654,-0.201313953,-0.080433652,0.061302349,0.191496333,0.239642874,0.244325415,0.219774408,0.150445608,0.043083864,-0.076638099,-0.182827912,-0.262982931,-0.325094244,-0.376053993,-0.404468483,-0.379709044,-0.282043856,-0.138089671
29. prr79 PRR5,-0.204698771,0.123583843,0.453592599,0.726770224,0.802243986,0.753036175,0.694701054,0.509220448,0.196481793,-0.15600877,-0.455420292,-0.700092818,-0.890638729,-1,-0.973420651,-0.768143251,-0.417178642,-0.028016199,0.309234633,0.522833896,0.597790888,0.592711051,0.476716226,0.260509524,0.018278932,-0.24750867,-0.501947796,-0.69543704,-0.809821702,-0.837440031,-0.779914433,-0.626463943,-0.321453448,0.019052335,0.277600592,0.508815267,0.639927576,0.639254555,0.558984505,0.418871532,0.232954494,0.019608454,-0.19366396,-0.364375743,-0.480312643,-0.543624707,-0.501693105,-0.338353651,-0.079237543,0.215637872,0.436738221,0.549352962,0.594320175,0.580927955,0.508190619,0.373676381,0.185083172,-0.00776737,-0.171387538,-0.301076692,-0.395238443,-0.443622055,-0.417093221,-0.280656738,-0.071790878,0.16280153,0.374673908,0.49292318,0.547143133,0.551724939,0.446014565,0.290736948,0.124009042,-0.049482726,-0.184467759,-0.275756964,-0.334847346,-0.361200174,-0.34274014,-0.234734604
30. prr79 PRR5,-0.32126761,0.327752091,0.727134497,0.876460776,0.92568,0.842645269,0.631818778,0.239274725,-0.215881744,-0.550165992,-0.827844629,-0.964410696,-1,-0.896946507,-0.503318869,0.045435895,0.521779986,0.811462604,0.909583663,0.833968189,0.612146623,0.2540994,-0.127404813,-0.429730573,-0.710626426,-0.881289179,-0.928637329,-0.853927404,-0.59883007,-0.148427,0.269669998,0.526230192,0.640078091,0.657849995,0.586536872,0.37299506,0.071935404,-0.224942479,-0.506948378,-0.664730449,-0.750937989,-0.761069759,-0.614745131,-0.360315592,0.054523491,0.393737658,0.525376917,0.60455098,0.578697924,0.415707513,0.189527876,-0.036563174,-0.289023428,-0.515239887,-0.624635754,-0.659277027,-0.661341184,-0.481166753,-0.180306721,0.107268028,0.328557276,0.483073111,0.495639518,0.431210692,0.304860665,0.121532741,-0.053083687,-0.216375154,-0.3924616,-0.502724486,-0.467960967,-0.336332692,-0.088304298,0.167808345,0.340585099,0.450503406,0.529951845,0.507999984,0.393705765,0.23783849
31. prr79 PRR5,-0.529714067,-0.155624077,0.218604315,0.505014768,0.681161633,0.739079457,0.640954317,0.444203913,0.18294901,-0.120082932,-0.421619666,-0.688954468,-0.889203907,-1,-0.974810873,-0.672440265,-0.261774391,0.085609368,0.375174001,0.511590063,0.56219455,0.539896164,0.353929172,0.109587555,-0.13577542,-0.38151687,-0.622913336,-0.795363382,-0.833290558,-0.730058294,-0.502361522,-0.111683396,0.281442569,0.538052609,0.66387721,0.726405461,0.67803326,0.531178394,0.350005463,0.106328633,-0.113489999,-0.252455902,-0.347925671,-0.457902413,-0.470213084,-0.299961762,0.007193607,0.316884799,0.601216912,0.765030753,0.764665704,0.758257552,0.67996367,0.463217124,0.16584493,-0.078651585,-0.311287289,-0.481601,-0.532511993,-0.529193834,-0.39853052,-0.161213179,0.106286363,0.362216825,0.501670542,0.54503972,0.524640445,0.388386804,0.195996589,-0.014180851,-0.2234129,-0.397491769,-0.506183722,-0.604346562,-0.651525417,-0.504555119,-0.280187508,-0.035487172,0.188683807,0.319028643
32. prr79 PRR5,-0.537565748,-0.165156505,0.200092381,0.445416132,0.57002253,0.57100094,0.409635965,0.224940499,-0.004420922,-0.272884564,-0.50809104,-0.80067731,-0.975244025,-1,-0.964239097,-0.655629662,-0.203410617,0.185261955,0.4335982,0.596045257,0.688417076,0.654927641,0.484441229,0.288851521,0.051088423,-0.227944855,-0.466916903,-0.576777159,-0.659269675,-0.648284403,-0.427604148,-0.040090148,0.333544208,0.625884273,0.794452311,0.798720764,0.752756277,0.581899086,0.315272127,0.112123272,-0.087767158,-0.323861938,-0.490735414,-0.486049157,-0.423402417,-0.206460947,0.103833371,0.367403054,0.631421217,0.739051638,0.700005055,0.598628583,0.389239241,0.162833101,-0.042702914,-0.233801182,-0.395687412,-0.51800101,-0.559269247,-0.480415593,-0.279885775,0.004275898,0.274195663,0.444249152,0.510045002,0.545580383,0.483146539,0.332064412,0.172566431,-0.061795485,-0.295488786,-0.462274411,-0.575770566,-0.665248174,-0.67587086,-0.522212555,-0.217819224,0.060924824,0.214373255,0.286498119
33. WT PRR7,0.438856985,0.76957194,1,0.987651882,0.689409645,0.322229937,-0.028091602,-0.336595411,-0.483030744,-0.632729607,-0.747845066,-0.693098606,-0.650879791,-0.442400189,-0.111768141,0.046959078,0.169277227,0.161249207,0.015786346,-0.062397664,-0.191831136,-0.342301123,-0.420357603,-0.448343097,-0.438569457,-0.352803641,-0.177684003,-0.00066328,0.139557655,0.195030272,0.134769752,0.02603665,-0.089697787,-0.19438236,-0.267531069,-0.272650137,-0.262288789,-0.223933867,-0.052116244,0.157968118,0.310874661,0.356058154,0.292172152,0.225767141,0.173650173,0.093378988,0.008991576,-0.033933595,-0.015374005,0.05083102,0.142828729,0.275332033,0.406798145,0.449958508,0.421545683,0.323057261,0.176077462,0.041495607,-0.068615444,-0.120520958,-0.122042232,-0.142269937,-0.059087367,0.099996917,0.198533647,0.217495786,0.168210022,0.084564054,-0.008183179,-0.132354355,-0.219230724,-0.247473709,-0.281130434,-0.313200927,-0.265618578,-0.122365473,0.016034204,0.101573069,0.115120756,0.070690888
34. WT PRR7,0.459939326,0.840110714,1,0.859797152,0.576255188,0.275800139,-0.047228274,-0.352876426,-0.56206527,-0.678846718,-0.740125565,-0.726514309,-0.600162998,-0.38508855,-0.18534454,-0.048392219,-0.020196219,-0.124210149,-0.221542178,-0.286020983,-0.320122087,-0.326442071,-0.343640381,-0.289200502,-0.157142857,0.012727359,0.218751966,0.339927138,0.353360285,0.280035234,0.122842584,-0.036124487,-0.09997765,-0.112783148,-0.174613207,-0.178838327,-0.035449681,0.168614226,0.293654042,0.347577466,0.342221654,0.247920719,0.093080348,-0.013123462,-0.089918666,-0.11242715,-0.081212791,-0.036474251,0.060371153,0.185876502,0.289581819,0.317267594,0.22966022,0.129824368,0.013990788,-0.120652426,-0.158911061,-0.21018453,-0.237499095,-0.161302536,-0.015535617,0.127534045,0.243567417,0.279843136,0.204432522,0.131135369,0.042921683,-0.061376221,-0.144745025,-0.207888765,-0.258432478,-0.226382119,-0.074260023,0.101611038,0.170657931,0.162628965,0.103081478,-0.030031398,-0.137263456,-0.196031708
35. WT PRR7,0.271518268,0.656625709,0.957311641,1,0.828072079,0.541975473,0.231333868,-0.056032483,-0.332536631,-0.543573624,-0.62393027,-0.585476323,-0.535713737,-0.42545963,-0.200078915,0.046039301,0.102502739,-0.012184191,-0.154515417,-0.23243992,-0.302320324,-0.377019853,-0.409362603,-0.367271391,-0.322072036,-0.243615688,-0.073410695,0.154703059,0.267053676,0.265786751,0.185021238,0.035756097,-0.109011521,-0.201581735,-0.274146314,-0.343350635,-0.279034308,-0.125502857,0.024446817,0.133019707,0.21238749,0.1824052,0.094211674,0.046053586,-0.047999929,-0.160676705,-0.234906154,-0.24958389,-0.216147455,-0.106141348,0.058181735,0.207573185,0.288593471,0.277765847,0.188029023,0.07148962,-0.006277403,-0.062943142,-0.097225951,-0.085507352,-0.025753635,0.067117082,0.168247291,0.257306379,0.317222776,0.291692491,0.190751029,0.066660473,-0.050147081,-0.154369873,-0.222595297,-0.246276443,-0.240544092,-0.145849124,0.007294284,0.14010279,0.208130126,0.196608308,0.151646243,0.091949448
36. WT PRR7,0.156582947,0.648085097,1,0.974794981,0.718441707,0.404488001,0.096582735,-0.198276576,-0.412618269,-0.560300039,-0.621772757,-0.598825488,-0.554853634,-0.299542904,-0.018630458,0.093811625,0.158690222,0.117990225,0.007843961,-0.127982459,-0.268382937,-0.326668982,-0.410443915,-0.43762133,-0.293392109,-0.157138183,0.06441704,0.209859573,0.153096774,0.090502389,0.010235812,-0.070633888,-0.152390666,-0.247196478,-0.254015343,-0.246428486,-0.185354155,0.00876049,0.17000348,0.204609024,0.157929484,0.107052449,0.054061876,-0.019808766,-0.086365928,-0.133326522,-0.173990806,-0.154220083,-0.06277009,0.098020153,0.264433046,0.276185618,0.225892448,0.175461055,0.091451407,-0.033747599,-0.084616576,-0.127241762,-0.185527892,-0.134679413,-0.03282942,0.065174334,0.158481304,0.235835841,0.208370906,0.122864708,0.021106162,-0.075255436,-0.120114051,-0.137620698,-0.138439883,-0.091768963,0.025087905,0.130790635,0.203228701,0.206221048,0.122667558,0.078255862,0.010534058,-0.093109698
37. WT PRR7,0.27630225,0.675427688,0.986391261,1,0.807716979,0.491181458,0.110250733,-0.185655399,-0.39715325,-0.561589986,-0.667434215,-0.656908655,-0.620801947,-0.556930223,-0.340704689,-0.107108768,0.031424728,0.052093316,-0.007868147,-0.126672635,-0.278866394,-0.411103031,-0.447473083,-0.40862721,-0.378012851,-0.355148958,-0.130191749,0.133342932,0.28665909,0.363828821,0.283412736,0.11998089,-0.024211157,-0.140002108,-0.17301497,-0.183764618,-0.23982164,-0.254380701,-0.12519554,0.106936534,0.296582483,0.360731686,0.318326784,0.229957069,0.138738955,0.035348096,-0.033688148,-0.062408077,-0.104364668,-0.065147889,0.034882359,0.14553142,0.30270112,0.386145464,0.345625609,0.227582686,0.077880017,-0.021128626,-0.081815587,-0.171657738,-0.21262029,-0.202272252,-0.151455561,-0.031080194,0.148967522,0.257607288,0.231092307,0.195009759,0.140573039,0.031209479,-0.112979173,-0.201869767,-0.246255424,-0.265264743,-0.239188681,-0.136474853,0.024839675,0.161876282,0.18153892,0.120616161
38. WT PRR7,-0.026838131,0.42558385,0.840158017,1,0.911986132,0.653834651,0.247680724,-0.132400982,-0.439243604,-0.685734472,-0.778740497,-0.779577617,-0.744825301,-0.634577734,-0.358694998,-0.026061037,0.200797291,0.254983816,0.144850193,-0.034131181,-0.201558947,-0.378015893,-0.448425363,-0.464048546,-0.558942093,-0.522719676,-0.291247294,0.01222848,0.199212523,0.25443646,0.239020431,0.205290704,0.143609728,0.031219298,-0.106669928,-0.202553111,-0.211813375,-0.149589427,-0.048886265,0.083327136,0.277259795,0.413488352,0.404335459,0.387850665,0.371694903,0.288103789,0.119202212,0.003399534,-0.078798853,-0.13275037,-0.076201275,0.027961702,0.16768142,0.336831787,0.443911218,0.418519459,0.296492238,0.168471339,0.045707864,-0.072270603,-0.175808992,-0.241716112,-0.242956945,-0.16935554,-0.030551004,0.140610319,0.26742568,0.279594368,0.167243361,0.015390529,-0.137799501,-0.257531725,-0.304502505,-0.317291773,-0.310429585,-0.256669082,-0.121453324,0.035227697,0.122072491,0.104687052
39. WT PRR7,0.127647218,0.593568606,0.965037858,1,0.800573878,0.427122602,-0.004348373,-0.314263578,-0.613251052,-0.766950139,-0.839586081,-0.941242049,-0.794319233,-0.497584516,-0.165931176,0.079275703,0.105382262,0.021661779,-0.099598874,-0.210315783,-0.30795896,-0.454931207,-0.511765276,-0.460647851,-0.32067253,-0.063433081,0.142773171,0.242206301,0.263079958,0.207768482,0.035593634,-0.122514116,-0.228812241,-0.317359387,-0.358449546,-0.266286189,-0.046041574,0.210004704,0.390914602,0.450473564,0.449302744,0.409560137,0.328123828,0.22157138,0.068751077,-0.014879383,0.025140068,0.13464591,0.312044557,0.487935027,0.581529192,0.584089922,0.551766539,0.446919681,0.275298734,0.073712712,-0.101421625,-0.167123109,-0.164437862,-0.057483874,0.16521441,0.344357607,0.386626297,0.29341801,0.118708641,-0.075520301,-0.248840575,-0.400363104,-0.47306787,-0.457429632,-0.441392917,-0.279087463,-0.056346109,0.064461466,0.06245672,0.017151377,-0.052378396,-0.141197644,-0.2501856,-0.37845208
40. WT PRR7,0.126846484,0.680073202,0.979252101,0.908661202,0.681026887,0.306650263,-0.104358772,-0.463150519,-0.800275552,-0.948691583,-0.989497582,-1,-0.800409853,-0.538632239,-0.213233953,0.13479525,0.184121821,0.111640288,0.032649422,-0.09724385,-0.280004738,-0.446708527,-0.548990764,-0.571846715,-0.488634878,-0.245182584,0.054620639,0.242720789,0.340482853,0.318888264,0.184972745,0.020442133,-0.090779121,-0.192713847,-0.263483622,-0.229373134,-0.192175297,-0.049944849,0.234563959,0.491809119,0.565156378,0.552944428,0.537402442,0.463714939,0.396724802,0.315321131,0.231756174,0.226580887,0.199567066,0.276340626,0.49323642,0.603772388,0.634766648,0.594781203,0.481533871,0.35140735,0.201064799,0.04533289,-0.068782116,-0.107482406,-0.141615499,-0.09990897,0.063725678,0.153411338,0.168399407,0.12607464,0.032230442,-0.060094957,-0.172273143,-0.281940841,-0.345148859,-0.403589883,-0.476946154,-0.480555997,-0.341260908,-0.204726477,-0.152412919,-0.190134861,-0.281995274,-0.385262123
41. prr79 TOC1,-0.629257356,-0.586179262,-0.564019015,-0.544387042,-0.394637368,-0.13890837,0.173343488,0.561340811,0.877052345,1,0.908252712,0.623132518,0.257195557,-0.059956611,-0.286991937,-0.440705574,-0.55033082,-0.627212809,-0.653439905,-0.607384172,-0.485459456,-0.316292191,-0.058437698,0.295692837,0.621090066,0.818429618,0.823347364,0.627374176,0.341370896,0.071429658,-0.134778731,-0.299298643,-0.379518465,-0.386850912,-0.431793028,-0.441870708,-0.343739767,-0.141863091,0.103345767,0.344811505,0.555972913,0.711751193,0.732021513,0.583573197,0.329919577,0.061612206,-0.162822717,-0.315895507,-0.375910465,-0.393102819,-0.40585218,-0.373125977,-0.287249826,-0.149054536,0.043265105,0.273724937,0.480812892,0.593695334,0.59182251,0.484173993,0.301610868,0.088565868,-0.120573606,-0.282191257,-0.366444892,-0.415932568,-0.441766996,-0.429166694,-0.368879662,-0.259369943,-0.110024803,0.062281824,0.246434421,0.371277971,0.364378186,0.26959299,0.094763201,-0.132913932,-0.324310393,-0.470558316
42. prr79 TOC1,-0.535195948,-0.590134118,-0.632006922,-0.595538417,-0.449711001,-0.215449048,0.086033166,0.541113832,0.920586549,1,0.878679598,0.558267418,0.162229264,-0.150722768,-0.365529762,-0.462682372,-0.527254091,-0.613382192,-0.564759106,-0.490597829,-0.369726769,-0.070802959,0.255317677,0.525765665,0.693722843,0.700152063,0.509775999,0.236306791,0.002034128,-0.163620585,-0.276708816,-0.371271666,-0.455745624,-0.491638297,-0.435396725,-0.288527043,-0.076927384,0.17892254,0.438808888,0.632206084,0.693199108,0.610180552,0.42755596,0.217925862,0.044483031,-0.0761993,-0.157888131,-0.209508699,-0.227983989,-0.214459058,-0.159448701,-0.053976477,0.098261338,0.273773544,0.433286047,0.519519519,0.481238834,0.343039806,0.168141579,0.00896265,-0.118337735,-0.201199237,-0.2458161,-0.274438811,-0.303731812,-0.298504344,-0.225207505,-0.086965098,0.069153513,0.202420428,0.279433786,0.274317603,0.178339597,0.027628205,-0.110600967,-0.195447953,-0.281906838,-0.341738926,-0.350512864,-0.343581477
43. prr79 TOC1,-0.655801433,-0.674448705,-0.693151291,-0.703352119,-0.626043159,-0.387285924,-0.063420421,0.364719492,0.795393818,1,0.877137804,0.501433692,0.083660919,-0.209820526,-0.475099371,-0.632392546,-0.676510829,-0.728235071,-0.757489614,-0.636560752,-0.386337718,-0.133230637,0.215761257,0.605589186,0.888995209,0.953943411,0.807218564,0.493745787,0.140888135,-0.092001218,-0.202352828,-0.238260354,-0.255323187,-0.280548901,-0.266630763,-0.153119017,0.062490225,0.320194972,0.581694546,0.806025305,0.885109068,0.719261301,0.467613459,0.210492041,-0.031534162,-0.217566944,-0.295422613,-0.317512772,-0.318623131,-0.253240237,-0.139197763,0.026322623,0.256648899,0.531337431,0.760005249,0.859969683,0.772058582,0.505185392,0.242641983,0.013161996,-0.189403456,-0.298122831,-0.392079248,-0.46192815,-0.456253312,-0.376872043,-0.231631728,-0.034293264,0.190345223,0.39150547,0.467898598,0.398237554,0.216616365,-0.036027067,-0.263944406,-0.429859532,-0.554162852,-0.662960404,-0.747001265,-0.77824967
44. prr79 TOC1,-0.519225186,-0.619510768,-0.649922806,-0.556602787,-0.364940124,-0.026549,0.37843684,0.762898489,1,0.867874343,0.508931525,0.10244887,-0.250242769,-0.488904119,-0.56849894,-0.588634462,-0.628467602,-0.630791536,-0.478421005,-0.221774702,0.140860427,0.548141037,0.827316182,0.823533739,0.620567148,0.337082773,0.064327554,-0.155903042,-0.32664781,-0.379109604,-0.385544335,-0.414145658,-0.379048648,-0.16161399,0.14626774,0.46867665,0.739291079,0.828805719,0.693674641,0.431591247,0.12799311,-0.16166859,-0.344733416,-0.39656236,-0.44768553,-0.482511614,-0.382391414,-0.263336202,-0.036851101,0.291385149,0.597877562,0.763455859,0.729214498,0.540090406,0.263838201,-0.014851873,-0.201325571,-0.309820477,-0.389792538,-0.427713478,-0.375112773,-0.251032449,-0.113245379,0.08659381,0.347856915,0.553591235,0.621571944,0.501580921,0.259711303,0.016171528,-0.170108102,-0.3291517,-0.460106382,-0.514417393,-0.493120062,-0.468338207,-0.349738387,-0.151704618,0.064893112,0.273266949
45. prr79 TOC1,-0.615959027,-0.696379712,-0.727144076,-0.654502634,-0.430647484,-0.032710439,0.407014981,0.777477551,1,0.893911215,0.533950255,0.109092336,-0.241900169,-0.48349608,-0.613806452,-0.665039412,-0.686469129,-0.654644161,-0.572360844,-0.442237951,-0.222517659,0.104278338,0.495874128,0.80974832,0.844170874,0.712132055,0.458633387,0.093763227,-0.118128233,-0.242507579,-0.357835533,-0.411145548,-0.403058062,-0.344867296,-0.237627814,-0.069469897,0.166745253,0.430153814,0.667853842,0.831403971,0.808350132,0.604084995,0.316388203,0.037910395,-0.153803293,-0.246419005,-0.281469965,-0.298437834,-0.272979143,-0.175357049,-0.015069785,0.15927479,0.388588492,0.64413641,0.791145345,0.765040906,0.619367596,0.414468022,0.167153827,-0.042943733,-0.191073079,-0.288424251,-0.336573334,-0.344222222,-0.311090571,-0.233400421,-0.115284306,0.040995304,0.222538455,0.378391149,0.409944365,0.302098067,0.106564621,-0.107681765,-0.30796749,-0.457798136,-0.543407024,-0.590816623,-0.638875197,-0.635095203
46. prr79 TOC1,-0.872514243,-0.953506869,-0.935089108,-0.803747461,-0.612124514,-0.306070101,0.118707598,0.573603505,0.890904486,0.93464555,0.712065778,0.3611027,0.020397477,-0.274524797,-0.503090671,-0.605956634,-0.677824896,-0.723966009,-0.664071746,-0.542813258,-0.359757918,-0.080042866,0.301208609,0.665859646,0.873294343,0.855543905,0.694214469,0.443164969,0.157994578,-0.07510508,-0.233851588,-0.309332477,-0.312297315,-0.30598315,-0.253581941,-0.118067281,0.063223003,0.281822254,0.546457427,0.828506354,1,0.984273345,0.798347935,0.543360456,0.312066568,0.121427033,-0.047524141,-0.159694722,-0.182539175,-0.166246223,-0.205081924,-0.153306284,0.014878102,0.214628239,0.438362212,0.647211483,0.76227076,0.707269258,0.524010093,0.297558354,0.090334951,-0.102983343,-0.263986745,-0.364378266,-0.398957536,-0.422967834,-0.428358014,-0.378178402,-0.292727166,-0.172958405,-0.024784956,0.116059448,0.179928429,0.123986638,-0.048549382,-0.282887934,-0.46974315,-0.589868317,-0.716746409,-0.802901701
47. prr79 TOC1,-0.712920665,-0.76925415,-0.733894031,-0.609876845,-0.37062376,0.059013446,0.459287249,0.821259941,1,0.77482767,0.44783398,0.102289043,-0.185176711,-0.33504486,-0.420580443,-0.489941794,-0.560504779,-0.558263592,-0.375805975,-0.122161896,0.150911606,0.441075524,0.683223425,0.709059997,0.570067532,0.316935654,0.017490686,-0.174768523,-0.303394351,-0.4023529,-0.452758367,-0.438040074,-0.39454395,-0.276460514,-0.056196623,0.232580523,0.526846219,0.678978735,0.671615928,0.544610393,0.298913304,0.090285769,-0.08183681,-0.215894417,-0.241718983,-0.235273214,-0.239115705,-0.214133299,-0.096924983,0.109063733,0.335142472,0.515355977,0.590712289,0.526022588,0.390380042,0.225353602,0.064494262,-0.050791841,-0.115404274,-0.184562856,-0.239975932,-0.233972688,-0.192466656,-0.096215355,0.038600142,0.189069876,0.33598642,0.383156119,0.305852876,0.139279652,-0.049404055,-0.182816642,-0.273897362,-0.335551739,-0.372500903,-0.399854682,-0.376460003,-0.305126927,-0.201212864,-0.067899679
48. prr79 TOC1,-0.778365689,-0.837479751,-0.850888683,-0.749746773,-0.579594353,-0.253326253,0.204233401,0.611513623,0.842582051,0.845326399,0.571637397,0.120914791,-0.257140484,-0.51264155,-0.605832404,-0.644950896,-0.72412908,-0.668024905,-0.574612768,-0.347288756,0.058340977,0.444410106,0.825700766,1,0.860352698,0.528511908,0.177167149,-0.066108125,-0.202346115,-0.286592222,-0.339822524,-0.357192121,-0.307995921,-0.181831562,0.025967044,0.341318525,0.692742743,0.947219591,0.987516643,0.80611733,0.556047446,0.293025724,0.060908483,-0.102210871,-0.229450998,-0.29376116,-0.284465425,-0.212207136,-0.072623101,0.164060833,0.446749919,0.685700167,0.815254943,0.810593533,0.624943716,0.346935718,0.093816446,-0.104091718,-0.242012846,-0.319391687,-0.357641544,-0.369702849,-0.318055738,-0.176373213,0.015219728,0.22659492,0.431721695,0.476850346,0.389342033,0.204244086,-0.060826319,-0.298847414,-0.425653288,-0.512070736,-0.5863651,-0.583086611,-0.591872708,-0.549671951,-0.435302175,-0.281987358
49. WT PRR5,-0.838807528,-0.098732339,0.507104897,0.846119965,1,0.948950391,0.741748369,0.452914026,0.025844204,-0.341981833,-0.533867456,-0.65333128,-0.752433483,-0.754481144,-0.62306191,-0.447976503,-0.186830962,0.034462714,0.08702313,0.107607776,0.026836861,-0.144753443,-0.264641372,-0.290396155,-0.320110619,-0.374358958,-0.329022318,-0.164472109,0.076931136,0.289191214,0.346967616,0.344038309,0.296952843,0.162588292,0.018596604,-0.112252198,-0.203624335,-0.23225827,-0.265436074,-0.198266919,-0.008327635,0.122097186,0.209112639,0.246818878,0.208938799,0.130219213,0.048482138,-0.026648951,-0.091680159,-0.104709999,-0.066483197,0.015646053,0.150024143,0.326023389,0.424338469,0.407785995,0.406328096,0.327005983,0.192419247,0.110416739,0.067803399,-0.006466471,-0.093062361,-0.104141062,-0.052651848,0.04447606,0.150936519,0.200407487,0.150034664,0.071889997,0.014519978,-0.095576616,-0.159300456,-0.186118578,-0.256462508,-0.301413018,-0.296996897,-0.237864232,-0.122614804,0.002012581
50. WT PRR5,-0.734394073,-0.161846814,0.388865223,0.764316921,0.97295809,1,0.821901793,0.523902691,0.150458827,-0.174686695,-0.355149749,-0.42675995,-0.441227364,-0.449305823,-0.395020469,-0.205211274,-0.040622285,0.065456594,0.119754375,0.095507069,-0.024734299,-0.129666446,-0.222633176,-0.325934914,-0.351380792,-0.300603316,-0.204235639,-0.082210914,0.039350789,0.081873951,0.03267622,-0.072242941,-0.175732493,-0.231181546,-0.293303181,-0.33255177,-0.292850478,-0.216897476,-0.142138755,-0.003939028,0.147503958,0.156057589,0.162660839,0.117180925,0.010348069,-0.07249168,-0.160647866,-0.193217625,-0.161751315,-0.101558833,-0.003981889,0.1224148,0.241823204,0.309421894,0.297226562,0.21826001,0.140416599,0.077863791,-0.003645505,-0.062397324,-0.07653341,-0.054770796,0.004944979,0.12185446,0.184909587,0.158750341,0.097669171,0.048835372,-0.02346516,-0.084515971,-0.12493375,-0.165898445,-0.126374821,-0.069821516,-0.014592689,0.076471915,0.156806062,0.18296527,0.137926917,0.057725401
51. WT PRR5,-1,-0.257283522,0.349206954,0.720816779,0.927935759,0.874063579,0.567436981,0.165596743,-0.157632701,-0.473333693,-0.693224861,-0.753412488,-0.800125366,-0.75859919,-0.573207642,-0.30001143,-0.058263191,0.145133233,0.232385656,0.138671687,-0.039417672,-0.157039756,-0.213985697,-0.254892239,-0.228872728,-0.214030279,-0.140280224,0.065755416,0.233567461,0.322683683,0.367162707,0.374214312,0.282798097,0.139169071,0.007109804,-0.06225893,-0.031896485,0.001082384,0.025834153,0.116504871,0.263900035,0.37573875,0.3928266,0.327703914,0.231275914,0.156394108,0.082519333,-0.007408497,0.004695146,0.023293009,0.008083078,0.049978079,0.174622206,0.288895381,0.331442425,0.305867611,0.191990188,0.083803081,0.005923297,-0.092558329,-0.125943793,-0.124371933,-0.127986395,-0.101483789,0.006599194,0.106591141,0.118654611,0.062911881,-0.024179135,-0.110558376,-0.186542684,-0.249994747,-0.259360499,-0.256095255,-0.264044125,-0.229570175,-0.136475573,-0.066877624,-0.060747083,-0.058872204
52. WT PRR5,-1,-0.479764493,0.046518252,0.451178438,0.679736846,0.762065438,0.716650364,0.501010797,0.214153758,0.002113589,-0.18078915,-0.315569046,-0.396081656,-0.439898987,-0.41741396,-0.339160931,-0.201172643,-0.015919906,0.080934821,0.076433878,0.02538336,-0.025573144,-0.060343459,-0.103633175,-0.161900368,-0.202007897,-0.211058121,-0.151245044,-0.036029056,0.0466699,0.085892585,0.084215201,0.05415013,0.019920221,-0.030789706,-0.07923659,-0.09914127,-0.102177381,-0.105816862,-0.077216673,0.019204636,0.14427819,0.224492568,0.236720889,0.212863621,0.185693444,0.127617383,0.064555721,0.055566863,0.07119822,0.060322664,0.038254111,0.071411204,0.161920761,0.211473438,0.199713329,0.195717069,0.156078229,0.079867368,-0.000967905,-0.057638797,-0.078449201,-0.089163004,-0.086826243,-0.033826796,0.011519455,0.04242622,0.064140972,0.045438251,0.000724319,-0.047550461,-0.091701396,-0.137135188,-0.163560643,-0.168004021,-0.151199474,-0.100539285,-0.062500005,-0.032851892,0.005627325
53. WT PRR5,-0.821798563,-0.221949004,0.363624629,0.767097756,0.969420076,1,0.860797692,0.614569172,0.290085581,-0.075020483,-0.390335886,-0.566332075,-0.612682372,-0.618833176,-0.642042117,-0.507654626,-0.288455099,-0.154131971,-0.050570815,-0.00229662,-0.048372526,-0.164785975,-0.247016282,-0.291300113,-0.313623304,-0.307721673,-0.259805539,-0.14445626,0.031828839,0.201509483,0.255082168,0.229067014,0.168726065,0.059503287,-0.055656804,-0.102871639,-0.105400696,-0.168775634,-0.18580593,-0.108079651,0.035212379,0.193274485,0.291438653,0.295925905,0.243060055,0.207601811,0.144357247,0.036800683,-0.060578603,-0.076324935,-0.044489346,-0.000923478,0.054524814,0.128762314,0.211018391,0.265917846,0.249729455,0.151324208,0.032463198,-0.063420252,-0.133531574,-0.142650162,-0.153273755,-0.162989554,-0.069804751,0.055694216,0.135300378,0.157358978,0.156763344,0.086812843,-0.014977596,-0.088439291,-0.146717212,-0.186430227,-0.201350678,-0.175289971,-0.084195012,0.01756631,0.110399945,0.188542005
54. WT PRR5,-1,-0.483225177,0.054738503,0.558709575,0.852503596,0.863048116,0.657795831,0.291277798,-0.050885583,-0.282391079,-0.459260957,-0.63590946,-0.728592417,-0.759887181,-0.729059253,-0.512057489,-0.249923418,-0.065287635,0.018755438,0.027294206,-0.055554621,-0.186407163,-0.308174865,-0.378891071,-0.361497476,-0.315029898,-0.231929086,-0.059144584,0.148096612,0.272690863,0.294101165,0.250996598,0.161823661,0.105233749,0.071606091,0.02415336,-0.007521049,0.044423095,0.129072025,0.240704753,0.432473677,0.595230421,0.610414037,0.518096867,0.441022108,0.376990607,0.297016215,0.219439645,0.186557305,0.206275454,0.254428417,0.316932516,0.383149104,0.434130772,0.453537245,0.367248077,0.215473488,0.138319226,0.084295819,0.014436593,-0.049871497,-0.059597366,-0.002147926,0.073129283,0.143914936,0.190419506,0.147993949,0.038834674,-0.080545006,-0.192187291,-0.314956183,-0.380054143,-0.439812252,-0.49086575,-0.431020841,-0.345726265,-0.310755308,-0.330213097,-0.389946961,-0.528455626
55. WT PRR5,-0.629464495,0.038295624,0.605902737,0.937835253,1,0.875789005,0.578585644,0.174590308,-0.157270406,-0.47850552,-0.70857623,-0.769765702,-0.81864076,-0.775303139,-0.615926082,-0.414346552,-0.202838121,-0.074563905,-0.066909664,-0.142622334,-0.272540821,-0.352553251,-0.404814481,-0.533369339,-0.540913562,-0.458567664,-0.338045866,-0.108443145,0.063536995,0.174918526,0.28109123,0.319027692,0.310616199,0.24876718,0.131046963,0.035834671,-0.018459864,-0.055833035,-0.068590307,0.039316014,0.228906886,0.402065914,0.495594883,0.528847307,0.479677772,0.379055108,0.314456921,0.246192192,0.20958507,0.200046904,0.134789964,0.16884839,0.332896333,0.495363187,0.514685574,0.482718186,0.406543929,0.25973136,0.165862147,0.060716023,-0.053677939,-0.103103713,-0.144746647,-0.148031585,-0.078597447,0.04045448,0.156686252,0.207220448,0.162115678,0.042731034,-0.111116682,-0.247832058,-0.350065093,-0.450921022,-0.541029958,-0.530938513,-0.408915106,-0.338392988,-0.242020723,-0.174692262
56. WT PRR5,-0.741362605,-0.162703753,0.388629763,0.786062829,1,0.957735901,0.7113344,0.437430956,0.054527666,-0.282118755,-0.469677524,-0.585432387,-0.636934382,-0.636527935,-0.539179747,-0.319199121,-0.095077771,0.040255922,0.064417702,0.00693187,-0.089570016,-0.198130619,-0.298132029,-0.387421461,-0.454187803,-0.404014238,-0.229187136,-0.019424196,0.136789519,0.257341835,0.260799712,0.184312857,0.109255021,-0.021794667,-0.080199933,-0.115577399,-0.171352211,-0.089432148,0.040740163,0.190896277,0.348170855,0.436023121,0.404591269,0.262490049,0.121494629,0.076864487,0.017361502,-0.062416839,-0.126976532,-0.136391869,-0.04317548,0.123307335,0.242668373,0.259007273,0.240919271,0.123105986,0.013562762,-0.047275947,-0.165618487,-0.238368245,-0.238422905,-0.199898237,-0.127405717,0.028125222,0.14187301,0.188978427,0.183928134,0.036142968,-0.054945103,-0.0983666,-0.16375515,-0.159939383,-0.136179665,-0.129965981,-0.067228569,0.108643875,0.163002926,0.124550093,0.044091431,-0.093396844
57. WT TOC1,-1,-0.984458254,-0.872678208,-0.620965677,-0.194948753,0.360448055,0.67647789,0.557357957,0.173153992,-0.138956949,-0.268341535,-0.377599334,-0.469964418,-0.495401359,-0.50649012,-0.397204617,-0.081941541,0.327496965,0.587407886,0.581044534,0.383632782,0.121116357,-0.084295513,-0.168971004,-0.245811851,-0.267751882,-0.209519093,-0.090585914,0.21278207,0.588938189,0.77618818,0.678547941,0.488926376,0.257180952,0.070469368,-0.032157911,-0.085050044,-0.074127676,-0.02761057,0.116977377,0.402250447,0.678424822,0.747053607,0.602679357,0.390342862,0.233328809,0.098455043,0.017381838,-0.022703652,-0.049949964,-0.006038308,0.162372233,0.409387373,0.585597023,0.543921858,0.319000575,0.094581616,-0.039519844,-0.13223411,-0.232313802,-0.270745747,-0.275492434,-0.21589566,0.008318596,0.216593941,0.292167021,0.202281459,-0.011008899,-0.227211744,-0.35254043,-0.434597317,-0.5099951,-0.528405075,-0.537008491,-0.454834956,-0.268804607,-0.101062694,-0.067867823,-0.177367133,-0.351855338
58. WT TOC1,-0.659026651,-0.718254923,-0.73839573,-0.619791899,-0.296103079,0.258476262,0.825905084,1,0.711427095,0.250387602,-0.088367439,-0.231215175,-0.30257498,-0.400766469,-0.498428244,-0.488248132,-0.288416412,0.114903726,0.582319359,0.849203777,0.721179898,0.40244152,0.082851042,-0.165853778,-0.33151873,-0.381007175,-0.414411654,-0.425460038,-0.275328647,0.097735185,0.532317301,0.793623481,0.738333222,0.419609448,0.057979291,-0.155394021,-0.251669167,-0.393445095,-0.459159661,-0.422299657,-0.207897601,0.236596274,0.645575157,0.811133319,0.657668704,0.298853257,-0.001987871,-0.200164081,-0.321239456,-0.381807163,-0.379793941,-0.300243653,-0.06402867,0.321405646,0.661882976,0.689645205,0.48520637,0.203345432,-0.078926913,-0.309047163,-0.446714019,-0.510367381,-0.531959089,-0.474744049,-0.225599634,0.16004428,0.46602728,0.482074061,0.232683984,-0.042496638,-0.235184952,-0.395041987,-0.461369042,-0.492741136,-0.478468317,-0.34171906,-0.078411496,0.246123857,0.473865909,0.454265069
59. WT TOC1,-0.683618451,-0.667779639,-0.61032606,-0.426652028,-0.030629742,0.532530642,0.944567638,0.918144083,0.477057557,0.001933391,-0.265689827,-0.406322259,-0.560707653,-0.648151929,-0.668497296,-0.605430252,-0.356092218,0.15915997,0.672900727,0.827267928,0.586793595,0.238101867,-0.067499982,-0.256597954,-0.390545888,-0.522156006,-0.518946444,-0.43332188,-0.158073938,0.338108967,0.716984065,0.775920069,0.57424605,0.281463597,0.011461884,-0.207599291,-0.356499495,-0.428630624,-0.422047111,-0.294170368,0.051451378,0.547948818,0.946056268,1,0.715436528,0.330581201,0.062888907,-0.092481131,-0.203892088,-0.266338418,-0.251761251,-0.126977441,0.210899358,0.605810671,0.832131463,0.774575323,0.472698209,0.13839173,-0.111775178,-0.305212986,-0.478249982,-0.555635324,-0.551007212,-0.419150499,-0.028817344,0.345294101,0.517958083,0.425249782,0.110079942,-0.189972695,-0.412351087,-0.56248047,-0.644048001,-0.694696155,-0.686484083,-0.500267463,-0.106896098,0.27351626,0.433545674,0.323325515
60. WT TOC1,-0.936152557,-0.941289802,-0.928624926,-0.821449244,-0.580223518,-0.146980989,0.483103646,0.853728321,0.761111131,0.378560149,0.034985055,-0.195892553,-0.363155005,-0.491913839,-0.530141361,-0.548472266,-0.503077762,-0.253435065,0.233196498,0.7121646,0.943049341,0.8388479,0.48777297,0.13428759,-0.109175944,-0.283436664,-0.378030004,-0.410034363,-0.369570496,-0.193542036,0.183026423,0.663929835,1,0.963346448,0.657851401,0.278990518,-0.004229241,-0.134455782,-0.23426928,-0.316622252,-0.322466787,-0.197778155,0.129454297,0.551181332,0.856550125,0.883897869,0.617168888,0.293161984,0.092174843,-0.106267824,-0.265478239,-0.361404063,-0.403268914,-0.354120936,-0.102315649,0.316360339,0.692388996,0.79068774,0.627596373,0.334615771,0.04808941,-0.153699949,-0.308059617,-0.409231884,-0.423659125,-0.415239712,-0.209424989,0.190794788,0.520251707,0.647082199,0.481241656,0.125076013,-0.181678101,-0.434820003,-0.587334414,-0.66280126,-0.76324579,-0.749288298,-0.537467815,-0.182499679
61. WT TOC1,-0.542242066,-0.574275484,-0.582907899,-0.489360792,-0.278388723,0.091286498,0.639643352,1,0.972196685,0.637491939,0.232532634,-0.088451657,-0.262967197,-0.317358384,-0.379132847,-0.4678841,-0.508538905,-0.412498321,-0.090815995,0.355301693,0.658562977,0.678352107,0.448048776,0.133475771,-0.073412972,-0.211094515,-0.327551251,-0.407194415,-0.439701962,-0.416686981,-0.294532106,-0.010800468,0.332997238,0.551240703,0.509995012,0.283176966,0.01999473,-0.157843859,-0.231781566,-0.325327909,-0.409560796,-0.387480828,-0.31027252,-0.112906314,0.209907809,0.512470324,0.635647082,0.549997682,0.335863498,0.107684967,-0.033191332,-0.089034569,-0.144504064,-0.208576345,-0.236452167,-0.159220369,0.065971049,0.334124416,0.49537094,0.461373057,0.303666099,0.125679836,-0.019706774,-0.152910567,-0.259748012,-0.331925097,-0.36530662,-0.327125776,-0.188837513,0.028906823,0.243008365,0.368374661,0.327179993,0.134922963,-0.022457127,-0.124489826,-0.196035656,-0.230576859,-0.273254289,-0.310122854
62. WT TOC1,-0.983685944,-0.985800631,-0.956833858,-0.806954216,-0.480093895,0.06331362,0.689822708,1,0.78777189,0.329725779,-0.013280488,-0.216303818,-0.380632382,-0.520967645,-0.579212091,-0.519063159,-0.383584081,-0.028021737,0.473041674,0.787923998,0.841535853,0.620305816,0.252683602,-0.045464417,-0.177252764,-0.215748502,-0.238785426,-0.243939405,-0.150179685,0.136029153,0.530243511,0.827016308,0.860237422,0.599458813,0.242501781,-0.012110597,-0.159418261,-0.289292078,-0.341147545,-0.308453119,-0.228256818,0.115177281,0.513479208,0.731632804,0.719447249,0.479074647,0.200051833,-0.014229143,-0.161745908,-0.208233913,-0.235951635,-0.269474568,-0.190037372,0.139800816,0.465170561,0.603410659,0.518824859,0.260635329,-0.016149678,-0.205739025,-0.306558737,-0.370813508,-0.386397491,-0.397572633,-0.327048125,-0.050774552,0.280859399,0.45219693,0.360809479,0.08325213,-0.185350179,-0.356588756,-0.443873091,-0.495700817,-0.524790254,-0.487495155,-0.359854517,-0.128930527,0.164284191,0.258072844
63. WT TOC1,-0.687391402,-0.763848082,-0.763308787,-0.563541007,-0.196541703,0.317509247,0.816911009,1,0.758685117,0.327188449,-0.04740223,-0.296529913,-0.419334111,-0.468223265,-0.487797891,-0.467266342,-0.331387007,-0.007743056,0.453879981,0.829525385,0.820209364,0.500358303,0.14167465,-0.059016791,-0.168261069,-0.282389534,-0.399650761,-0.426314187,-0.289419707,-0.003381801,0.35917719,0.659131063,0.692823107,0.500151161,0.229276439,-0.008867515,-0.199731676,-0.315404142,-0.382094974,-0.417324296,-0.307769193,-0.077336008,0.251812724,0.582107271,0.608050373,0.429202079,0.193079265,-0.04165988,-0.209916616,-0.301634004,-0.341799551,-0.339852406,-0.249848274,-0.041463421,0.241903668,0.469616117,0.482419608,0.298076517,0.061281268,-0.106157276,-0.226030338,-0.309041927,-0.359504528,-0.367565889,-0.298276984,-0.138713249,0.104257678,0.346844163,0.418264934,0.308996609,0.108531973,-0.074145583,-0.179214981,-0.241710057,-0.298803318,-0.339509923,-0.299042814,-0.1165813,0.121024758,0.285779304
64. WT TOC1,-0.567565813,-0.622564564,-0.671187747,-0.652500047,-0.427798066,0.065286186,0.656344615,1,0.891765784,0.444302046,0.004467287,-0.231573928,-0.326577064,-0.407597745,-0.504878389,-0.53219401,-0.427642047,-0.131928063,0.310254767,0.644709382,0.730141568,0.54259908,0.196131515,-0.095480049,-0.281411299,-0.395043974,-0.454620138,-0.440410828,-0.373122968,-0.145016787,0.25405935,0.609920567,0.674824774,0.463940503,0.176066833,-0.01284937,-0.128598749,-0.205589175,-0.262317073,-0.286253088,-0.213028389,0.046748974,0.421883796,0.704388079,0.717040231,0.524577335,0.281614836,0.083199193,-0.076778602,-0.202352876,-0.284969875,-0.292215757,-0.179177713,0.066121435,0.362495155,0.551369738,0.508863027,0.287650402,0.078761047,-0.050030877,-0.151803677,-0.252888441,-0.285614179,-0.276542203,-0.222822558,-0.026011348,0.226496069,0.355522826,0.284178022,0.096933503,-0.101066668,-0.242351417,-0.335493845,-0.418673992,-0.46796353,-0.461007197,-0.343019706,-0.109061114,0.105807748,0.209129271
